date,WTB3MS
08/01/1954,1.3
15/01/1954,1.28
22/01/1954,1.11
29/01/1954,1.01
05/02/1954,0.99
12/02/1954,0.91
19/02/1954,0.98
26/02/1954,0.98
05/03/1954,1.03
12/03/1954,1.04
19/03/1954,1.02
26/03/1954,1.03
02/04/1954,1.03
09/04/1954,1
16/04/1954,1.04
23/04/1954,0.99
30/04/1954,0.82
07/05/1954,0.75
14/05/1954,0.8
21/05/1954,0.79
28/05/1954,0.71
04/06/1954,0.69
11/06/1954,0.61
18/06/1954,0.63
25/06/1954,0.62
02/07/1954,0.65
09/07/1954,0.66
16/07/1954,0.72
23/07/1954,0.74
30/07/1954,0.78
06/08/1954,0.79
13/08/1954,0.91
20/08/1954,0.92
27/08/1954,0.99
03/09/1954,1.03
10/09/1954,1.02
17/09/1954,1.02
24/09/1954,0.99
01/10/1954,0.99
08/10/1954,0.94
15/10/1954,0.98
22/10/1954,1
29/10/1954,1
05/11/1954,1
12/11/1954,0.9
19/11/1954,0.89
26/11/1954,0.92
03/12/1954,1.02
10/12/1954,1.09
17/12/1954,1.25
24/12/1954,1.23
31/12/1954,1.08
07/01/1955,1.09
14/01/1955,1.28
21/01/1955,1.32
28/01/1955,1.24
04/02/1955,1.11
11/02/1955,1.05
18/02/1955,1.16
25/02/1955,1.35
04/03/1955,1.29
11/03/1955,1.23
18/03/1955,1.26
25/03/1955,1.3
01/04/1955,1.37
08/04/1955,1.5
15/04/1955,1.63
22/04/1955,1.65
29/04/1955,1.62
06/05/1955,1.55
13/05/1955,1.42
20/05/1955,1.41
27/05/1955,1.44
03/06/1955,1.37
10/06/1955,1.41
17/06/1955,1.47
24/06/1955,1.37
01/07/1955,1.43
08/07/1955,1.51
15/07/1955,1.57
22/07/1955,1.61
29/07/1955,1.71
05/08/1955,1.88
12/08/1955,1.87
19/08/1955,1.84
26/08/1955,1.9
02/09/1955,2.08
09/09/1955,2.1
16/09/1955,2.06
23/09/1955,1.99
30/09/1955,2.11
07/10/1955,2.21
14/10/1955,2.26
21/10/1955,2.25
28/10/1955,2.21
04/11/1955,2.06
11/11/1955,2.05
18/11/1955,2.29
25/11/1955,2.41
02/12/1955,2.41
09/12/1955,2.48
16/12/1955,2.54
23/12/1955,2.63
30/12/1955,2.58
06/01/1956,2.51
13/01/1956,2.53
20/01/1956,2.39
27/01/1956,2.28
03/02/1956,2.29
10/02/1956,2.26
17/02/1956,2.35
24/02/1956,2.4
02/03/1956,2.24
09/03/1956,2.24
16/03/1956,2.36
23/03/1956,2.26
30/03/1956,2.21
06/04/1956,2.38
13/04/1956,2.55
20/04/1956,2.74
27/04/1956,2.71
04/05/1956,2.61
11/05/1956,2.55
18/05/1956,2.67
25/05/1956,2.65
01/06/1956,2.55
08/06/1956,2.53
15/06/1956,2.51
22/06/1956,2.41
29/06/1956,2.48
06/07/1956,2.34
13/07/1956,2.33
20/07/1956,2.26
27/07/1956,2.32
03/08/1956,2.29
10/08/1956,2.4
17/08/1956,2.64
24/08/1956,2.82
31/08/1956,2.72
07/09/1956,2.69
14/09/1956,2.79
21/09/1956,2.91
28/09/1956,2.94
05/10/1956,2.87
12/10/1956,2.96
19/10/1956,2.94
26/10/1956,2.86
02/11/1956,2.85
09/11/1956,2.9
16/11/1956,2.99
23/11/1956,3.05
30/11/1956,3.08
07/12/1956,3.12
14/12/1956,3.24
21/12/1956,3.27
28/12/1956,3.2
04/01/1957,3.16
11/01/1957,3.08
18/01/1957,3.09
25/01/1957,3.1
01/02/1957,3.16
08/02/1957,3.05
15/02/1957,3
22/02/1957,3.15
01/03/1957,3.25
08/03/1957,3.18
15/03/1957,3.15
22/03/1957,3
29/03/1957,2.97
05/04/1957,3.03
12/04/1957,3.13
19/04/1957,3.11
26/04/1957,3.02
03/05/1957,3
10/05/1957,2.93
17/05/1957,2.98
24/05/1957,3.14
31/05/1957,3.26
07/06/1957,3.3
14/06/1957,3.27
21/06/1957,3.36
28/06/1957,3.23
05/07/1957,3.19
12/07/1957,3.13
19/07/1957,3.04
26/07/1957,3.18
02/08/1957,3.34
09/08/1957,3.29
16/08/1957,3.4
23/08/1957,3.32
30/08/1957,3.47
06/09/1957,3.54
13/09/1957,3.55
20/09/1957,3.58
27/09/1957,3.48
04/10/1957,3.49
11/10/1957,3.54
18/10/1957,3.64
25/10/1957,3.59
01/11/1957,3.59
08/11/1957,3.51
15/11/1957,3.38
22/11/1957,3.12
29/11/1957,3.14
06/12/1957,3.07
13/12/1957,3.01
20/12/1957,3.12
27/12/1957,3.1
03/01/1958,2.77
10/01/1958,2.75
17/01/1958,2.57
24/01/1958,2.37
31/01/1958,1.92
07/02/1958,1.65
14/02/1958,1.69
21/02/1958,1.61
28/02/1958,1.22
07/03/1958,1.39
14/03/1958,1.39
21/03/1958,1.33
28/03/1958,1.11
04/04/1958,1.09
11/04/1958,1.1
18/04/1958,1.13
25/04/1958,1.13
02/05/1958,1.23
09/05/1958,1.11
16/05/1958,1.02
23/05/1958,0.74
30/05/1958,0.58
06/06/1958,0.71
13/06/1958,0.83
20/06/1958,0.92
27/06/1958,0.9
04/07/1958,0.79
11/07/1958,0.95
18/07/1958,0.94
25/07/1958,0.88
01/08/1958,0.94
08/08/1958,1.2
15/08/1958,1.58
22/08/1958,1.91
29/08/1958,2.23
05/09/1958,2.32
12/09/1958,2.37
19/09/1958,2.45
26/09/1958,2.48
03/10/1958,2.7
10/10/1958,2.64
17/10/1958,2.67
24/10/1958,2.69
31/10/1958,2.53
07/11/1958,2.49
14/11/1958,2.71
21/11/1958,2.73
28/11/1958,2.73
05/12/1958,2.79
12/12/1958,2.82
19/12/1958,2.82
26/12/1958,2.71
02/01/1959,2.67
09/01/1959,2.72
16/01/1959,2.86
23/01/1959,2.97
30/01/1959,2.77
06/02/1959,2.7
13/02/1959,2.72
20/02/1959,2.63
27/02/1959,2.76
06/03/1959,2.84
13/03/1959,2.85
20/03/1959,2.77
27/03/1959,2.76
03/04/1959,2.84
10/04/1959,2.96
17/04/1959,3.09
24/04/1959,2.98
01/05/1959,2.81
08/05/1959,2.83
15/05/1959,2.76
22/05/1959,2.85
29/05/1959,2.92
05/06/1959,3.15
12/06/1959,3.27
19/06/1959,3.24
26/06/1959,3.22
03/07/1959,3.16
10/07/1959,3.28
17/07/1959,3.37
24/07/1959,3.15
31/07/1959,3.01
07/08/1959,3
14/08/1959,3.17
21/08/1959,3.5
28/08/1959,3.73
04/09/1959,3.95
11/09/1959,4.02
18/09/1959,4.13
25/09/1959,3.98
02/10/1959,4.1
09/10/1959,4.02
16/10/1959,4.24
23/10/1959,3.99
30/10/1959,4
06/11/1959,4.03
13/11/1959,4.04
20/11/1959,4.2
27/11/1959,4.25
04/12/1959,4.5
11/12/1959,4.48
18/12/1959,4.49
25/12/1959,4.58
01/01/1960,4.4
08/01/1960,4.59
15/01/1960,4.53
22/01/1960,4.27
29/01/1960,4.01
05/02/1960,3.94
12/02/1960,3.67
19/02/1960,4.04
26/02/1960,4.14
04/03/1960,3.92
11/03/1960,3.6
18/03/1960,3.41
25/03/1960,2.84
01/04/1960,2.88
08/04/1960,2.96
15/04/1960,3.56
22/04/1960,3.34
29/04/1960,3.19
06/05/1960,3.08
13/05/1960,3.32
20/05/1960,3.5
27/05/1960,3.29
03/06/1960,2.94
10/06/1960,2.61
17/06/1960,2.31
24/06/1960,2.39
01/07/1960,2.18
08/07/1960,2.27
15/07/1960,2.41
22/07/1960,2.31
29/07/1960,2.24
05/08/1960,2.13
12/08/1960,2.18
19/08/1960,2.31
26/08/1960,2.43
02/09/1960,2.53
09/09/1960,2.56
16/09/1960,2.58
23/09/1960,2.43
30/09/1960,2.35
07/10/1960,2.41
14/10/1960,2.55
21/10/1960,2.23
28/10/1960,2.11
04/11/1960,2.2
11/11/1960,2.4
18/11/1960,2.46
25/11/1960,2.38
02/12/1960,2.35
09/12/1960,2.28
16/12/1960,2.25
23/12/1960,2.24
30/12/1960,2.19
06/01/1961,2.28
13/01/1961,2.28
20/01/1961,2.25
27/01/1961,2.17
03/02/1961,2.29
10/02/1961,2.35
17/02/1961,2.41
24/02/1961,2.51
03/03/1961,2.56
10/03/1961,2.44
17/03/1961,2.35
24/03/1961,2.28
31/03/1961,2.38
07/04/1961,2.36
14/04/1961,2.31
21/04/1961,2.25
28/04/1961,2.23
05/05/1961,2.22
12/05/1961,2.23
19/05/1961,2.29
26/05/1961,2.39
02/06/1961,2.39
09/06/1961,2.4
16/06/1961,2.32
23/06/1961,2.31
30/06/1961,2.27
07/07/1961,2.31
14/07/1961,2.25
21/07/1961,2.19
28/07/1961,2.22
04/08/1961,2.28
11/08/1961,2.38
18/08/1961,2.5
25/08/1961,2.43
01/09/1961,2.34
08/09/1961,2.32
15/09/1961,2.29
22/09/1961,2.26
29/09/1961,2.25
06/10/1961,2.28
13/10/1961,2.35
20/10/1961,2.29
27/10/1961,2.29
03/11/1961,2.28
10/11/1961,2.4
17/11/1961,2.53
24/11/1961,2.54
01/12/1961,2.56
08/12/1961,2.58
15/12/1961,2.59
22/12/1961,2.61
29/12/1961,2.66
05/01/1962,2.72
12/01/1962,2.78
19/01/1962,2.73
26/01/1962,2.67
02/02/1962,2.69
09/02/1962,2.7
16/02/1962,2.81
23/02/1962,2.74
02/03/1962,2.69
09/03/1962,2.74
16/03/1962,2.74
23/03/1962,2.7
30/03/1962,2.73
06/04/1962,2.72
13/04/1962,2.74
20/04/1962,2.72
27/04/1962,2.73
04/05/1962,2.74
11/05/1962,2.67
18/05/1962,2.67
25/05/1962,2.69
01/06/1962,2.68
08/06/1962,2.65
15/06/1962,2.69
22/06/1962,2.73
29/06/1962,2.84
06/07/1962,2.92
13/07/1962,2.97
20/07/1962,2.95
27/07/1962,2.88
03/08/1962,2.85
10/08/1962,2.83
17/08/1962,2.84
24/08/1962,2.82
31/08/1962,2.8
07/09/1962,2.82
14/09/1962,2.78
21/09/1962,2.77
28/09/1962,2.75
05/10/1962,2.75
12/10/1962,2.76
19/10/1962,2.74
26/10/1962,2.74
02/11/1962,2.74
09/11/1962,2.82
16/11/1962,2.83
23/11/1962,2.84
30/11/1962,2.86
07/12/1962,2.85
14/12/1962,2.84
21/12/1962,2.88
28/12/1962,2.89
04/01/1963,2.89
11/01/1963,2.9
18/01/1963,2.9
25/01/1963,2.93
01/02/1963,2.93
08/02/1963,2.95
15/02/1963,2.93
22/02/1963,2.9
01/03/1963,2.9
08/03/1963,2.89
15/03/1963,2.88
22/03/1963,2.9
29/03/1963,2.91
05/04/1963,2.91
12/04/1963,2.9
19/04/1963,2.9
26/04/1963,2.89
03/05/1963,2.9
10/05/1963,2.91
17/05/1963,2.9
24/05/1963,2.94
31/05/1963,2.98
07/06/1963,3
14/06/1963,2.98
21/06/1963,2.98
28/06/1963,2.99
05/07/1963,3.03
12/07/1963,3.22
19/07/1963,3.19
26/07/1963,3.19
02/08/1963,3.24
09/08/1963,3.26
16/08/1963,3.32
23/08/1963,3.36
30/08/1963,3.39
06/09/1963,3.36
13/09/1963,3.36
20/09/1963,3.41
27/09/1963,3.38
04/10/1963,3.41
11/10/1963,3.45
18/10/1963,3.47
25/10/1963,3.44
01/11/1963,3.47
08/11/1963,3.54
15/11/1963,3.55
22/11/1963,3.51
29/11/1963,3.48
06/12/1963,3.52
13/12/1963,3.5
20/12/1963,3.53
27/12/1963,3.52
03/01/1964,3.52
10/01/1964,3.53
17/01/1964,3.54
24/01/1964,3.52
31/01/1964,3.5
07/02/1964,3.51
14/02/1964,3.52
21/02/1964,3.53
28/02/1964,3.56
06/03/1964,3.56
13/03/1964,3.54
20/03/1964,3.54
27/03/1964,3.54
03/04/1964,3.52
10/04/1964,3.48
17/04/1964,3.47
24/04/1964,3.45
01/05/1964,3.45
08/05/1964,3.49
15/05/1964,3.47
22/05/1964,3.47
29/05/1964,3.47
05/06/1964,3.47
12/06/1964,3.47
19/06/1964,3.49
26/06/1964,3.47
03/07/1964,3.48
10/07/1964,3.48
17/07/1964,3.43
24/07/1964,3.46
31/07/1964,3.46
07/08/1964,3.48
14/08/1964,3.51
21/08/1964,3.5
28/08/1964,3.5
04/09/1964,3.5
11/09/1964,3.52
18/09/1964,3.54
25/09/1964,3.54
02/10/1964,3.55
09/10/1964,3.57
16/10/1964,3.59
23/10/1964,3.58
30/10/1964,3.56
06/11/1964,3.57
13/11/1964,3.58
20/11/1964,3.61
27/11/1964,3.79
04/12/1964,3.82
11/12/1964,3.81
18/12/1964,3.86
25/12/1964,3.86
01/01/1965,3.83
08/01/1965,3.8
15/01/1965,3.77
22/01/1965,3.81
29/01/1965,3.85
05/02/1965,3.89
12/02/1965,3.9
19/02/1965,3.94
26/02/1965,3.99
05/03/1965,3.96
12/03/1965,3.94
19/03/1965,3.92
26/03/1965,3.91
02/04/1965,3.92
09/04/1965,3.93
16/04/1965,3.93
23/04/1965,3.93
30/04/1965,3.91
07/05/1965,3.89
14/05/1965,3.89
21/05/1965,3.9
28/05/1965,3.88
04/06/1965,3.85
11/06/1965,3.81
18/06/1965,3.8
25/06/1965,3.78
02/07/1965,3.81
09/07/1965,3.87
16/07/1965,3.86
23/07/1965,3.82
30/07/1965,3.81
06/08/1965,3.84
13/08/1965,3.83
20/08/1965,3.82
27/08/1965,3.86
03/09/1965,3.88
10/09/1965,3.9
17/09/1965,3.88
24/09/1965,3.94
01/10/1965,4.02
08/10/1965,4.01
15/10/1965,4.01
22/10/1965,4.04
29/10/1965,4.05
05/11/1965,4.07
12/11/1965,4.07
19/11/1965,4.09
26/11/1965,4.11
03/12/1965,4.12
10/12/1965,4.34
17/12/1965,4.41
24/12/1965,4.48
31/12/1965,4.48
07/01/1966,4.54
14/01/1966,4.6
21/01/1966,4.62
28/01/1966,4.58
04/02/1966,4.64
11/02/1966,4.64
18/02/1966,4.67
25/02/1966,4.66
04/03/1966,4.62
11/03/1966,4.63
18/03/1966,4.64
25/03/1966,4.51
01/04/1966,4.52
08/04/1966,4.54
15/04/1966,4.65
22/04/1966,4.65
29/04/1966,4.64
06/05/1966,4.67
13/05/1966,4.61
20/05/1966,4.64
27/05/1966,4.64
03/06/1966,4.59
10/06/1966,4.58
17/06/1966,4.53
24/06/1966,4.4
01/07/1966,4.47
08/07/1966,4.69
15/07/1966,4.87
22/07/1966,4.9
29/07/1966,4.73
05/08/1966,4.82
12/08/1966,4.88
19/08/1966,5.06
26/08/1966,5.02
02/09/1966,5.07
09/09/1966,5.2
16/09/1966,5.42
23/09/1966,5.54
30/09/1966,5.4
07/10/1966,5.39
14/10/1966,5.45
21/10/1966,5.37
28/10/1966,5.23
04/11/1966,5.3
11/11/1966,5.41
18/11/1966,5.39
25/11/1966,5.26
02/12/1966,5.17
09/12/1966,5.16
16/12/1966,4.97
23/12/1966,4.82
30/12/1966,4.8
06/01/1967,4.8
13/01/1967,4.81
20/01/1967,4.71
27/01/1967,4.66
03/02/1967,4.49
10/02/1967,4.54
17/02/1967,4.61
24/02/1967,4.61
03/03/1967,4.46
10/03/1967,4.37
17/03/1967,4.28
24/03/1967,4.15
31/03/1967,4.13
07/04/1967,3.95
14/04/1967,3.85
21/04/1967,3.83
28/04/1967,3.72
05/05/1967,3.72
12/05/1967,3.66
19/05/1967,3.59
26/05/1967,3.5
02/06/1967,3.43
09/06/1967,3.41
16/06/1967,3.57
23/06/1967,3.47
30/06/1967,3.75
07/07/1967,4.2
14/07/1967,4.18
21/07/1967,4.2
28/07/1967,4.25
04/08/1967,4.16
11/08/1967,4.17
18/08/1967,4.21
25/08/1967,4.36
01/09/1967,4.41
08/09/1967,4.3
15/09/1967,4.37
22/09/1967,4.54
29/09/1967,4.47
06/10/1967,4.49
13/10/1967,4.57
20/10/1967,4.62
27/10/1967,4.56
03/11/1967,4.57
10/11/1967,4.64
17/11/1967,4.63
24/11/1967,4.86
01/12/1967,4.93
08/12/1967,4.92
15/12/1967,4.97
22/12/1967,4.98
29/12/1967,5.01
05/01/1968,5.01
12/01/1968,5.07
19/01/1968,5.02
26/01/1968,4.97
02/02/1968,4.85
09/02/1968,5
16/02/1968,4.97
23/02/1968,4.97
01/03/1968,5.03
08/03/1968,5.04
15/03/1968,5.26
22/03/1968,5.25
29/03/1968,5.14
05/04/1968,5.2
12/04/1968,5.35
19/04/1968,5.4
26/04/1968,5.5
03/05/1968,5.5
10/05/1968,5.53
17/05/1968,5.68
24/05/1968,5.82
31/05/1968,5.7
07/06/1968,5.66
14/06/1968,5.69
21/06/1968,5.45
28/06/1968,5.3
05/07/1968,5.35
12/07/1968,5.37
19/07/1968,5.38
26/07/1968,5.23
02/08/1968,5.09
09/08/1968,4.96
16/08/1968,5.12
23/08/1968,5.15
30/08/1968,5.19
06/09/1968,5.21
13/09/1968,5.28
20/09/1968,5.18
27/09/1968,5.12
04/10/1968,5.2
11/10/1968,5.32
18/10/1968,5.35
25/10/1968,5.4
01/11/1968,5.48
08/11/1968,5.49
15/11/1968,5.42
22/11/1968,5.43
29/11/1968,5.47
06/12/1968,5.66
13/12/1968,5.84
20/12/1968,6.03
27/12/1968,6.22
03/01/1969,6.2
10/01/1969,6.18
17/01/1969,6.11
24/01/1969,6.11
31/01/1969,6.16
07/02/1969,6.19
14/02/1969,6.09
21/02/1969,6.09
28/02/1969,6.11
07/03/1969,6.11
14/03/1969,6.01
21/03/1969,6
28/03/1969,5.94
04/04/1969,6.05
11/04/1969,6.15
18/04/1969,6.2
25/04/1969,6.13
02/05/1969,5.93
09/05/1969,5.98
16/05/1969,6.08
23/05/1969,6.06
30/05/1969,6.1
06/06/1969,6.26
13/06/1969,6.67
20/06/1969,6.56
27/06/1969,6.3
04/07/1969,6.63
11/07/1969,6.96
18/07/1969,7.02
25/07/1969,7.12
01/08/1969,7.09
08/08/1969,6.98
15/08/1969,7
22/08/1969,6.87
29/08/1969,7.07
05/09/1969,7.03
12/09/1969,7.11
19/09/1969,7.13
26/09/1969,7.1
03/10/1969,7.06
10/10/1969,6.99
17/10/1969,7.02
24/10/1969,6.94
31/10/1969,7
07/11/1969,7.07
14/11/1969,7.15
21/11/1969,7.25
28/11/1969,7.5
05/12/1969,7.6
12/12/1969,7.82
19/12/1969,7.88
26/12/1969,7.84
02/01/1970,8.02
09/01/1970,7.91
16/01/1970,7.83
23/01/1970,7.83
30/01/1970,7.89
06/02/1970,7.61
13/02/1970,7.2
20/02/1970,6.79
27/02/1970,6.88
06/03/1970,6.89
13/03/1970,6.76
20/03/1970,6.71
27/03/1970,6.16
03/04/1970,6.35
10/04/1970,6.4
17/04/1970,6.37
24/04/1970,6.59
01/05/1970,6.86
08/05/1970,6.82
15/05/1970,6.8
22/05/1970,6.73
29/05/1970,7
05/06/1970,6.82
12/06/1970,6.76
19/06/1970,6.71
26/06/1970,6.51
03/07/1970,6.46
10/07/1970,6.62
17/07/1970,6.46
24/07/1970,6.34
31/07/1970,6.37
07/08/1970,6.46
14/08/1970,6.53
21/08/1970,6.42
28/08/1970,6.25
04/09/1970,6.37
11/09/1970,6.4
18/09/1970,6.22
25/09/1970,5.8
02/10/1970,5.84
09/10/1970,6.03
16/10/1970,5.95
23/10/1970,5.83
30/10/1970,5.84
06/11/1970,5.56
13/11/1970,5.48
20/11/1970,5.19
27/11/1970,4.99
04/12/1970,4.97
11/12/1970,4.92
18/12/1970,4.77
25/12/1970,4.83
01/01/1971,4.88
08/01/1971,4.84
15/01/1971,4.51
22/01/1971,4.2
29/01/1971,4.2
05/02/1971,4.06
12/02/1971,3.7
19/02/1971,3.56
26/02/1971,3.43
05/03/1971,3.35
12/03/1971,3.28
19/03/1971,3.39
26/03/1971,3.37
02/04/1971,3.61
09/04/1971,3.79
16/04/1971,3.96
23/04/1971,3.81
30/04/1971,3.95
07/05/1971,3.85
14/05/1971,3.96
21/05/1971,4.37
28/05/1971,4.39
04/06/1971,4.3
11/06/1971,4.59
18/06/1971,4.95
25/06/1971,4.87
02/07/1971,5.19
09/07/1971,5.42
16/07/1971,5.38
23/07/1971,5.46
30/07/1971,5.4
06/08/1971,5.29
13/08/1971,5.25
20/08/1971,4.71
27/08/1971,4.68
03/09/1971,4.49
10/09/1971,4.63
17/09/1971,4.8
24/09/1971,4.75
01/10/1971,4.64
08/10/1971,4.53
15/10/1971,4.44
22/10/1971,4.47
29/10/1971,4.36
05/11/1971,4.18
12/11/1971,4.18
19/11/1971,4.14
26/11/1971,4.34
03/12/1971,4.28
10/12/1971,4.11
17/12/1971,4.04
24/12/1971,4.02
31/12/1971,3.73
07/01/1972,3.6
14/01/1972,3.17
21/01/1972,3.32
28/01/1972,3.46
04/02/1972,3.36
11/02/1972,3.1
18/02/1972,3.05
25/02/1972,3.23
03/03/1972,3.45
10/03/1972,3.57
17/03/1972,3.87
24/03/1972,3.82
31/03/1972,3.83
07/04/1972,3.81
14/04/1972,3.82
21/04/1972,3.64
28/04/1972,3.55
05/05/1972,3.57
12/05/1972,3.59
19/05/1972,3.76
26/05/1972,3.8
02/06/1972,3.83
09/06/1972,3.86
16/06/1972,3.87
23/06/1972,3.97
30/06/1972,3.97
07/07/1972,4.07
14/07/1972,4.05
21/07/1972,3.93
28/07/1972,3.94
04/08/1972,3.79
11/08/1972,3.86
18/08/1972,3.9
25/08/1972,4.13
01/09/1972,4.47
08/09/1972,4.71
15/09/1972,4.71
22/09/1972,4.66
29/09/1972,4.6
06/10/1972,4.66
13/10/1972,4.79
20/10/1972,4.78
27/10/1972,4.73
03/11/1972,4.74
10/11/1972,4.71
17/11/1972,4.76
24/11/1972,4.82
01/12/1972,4.88
08/12/1972,5
15/12/1972,5.05
22/12/1972,5.15
29/12/1972,5.13
05/01/1973,5.16
12/01/1973,5.19
19/01/1973,5.4
26/01/1973,5.67
02/02/1973,5.7
09/02/1973,5.56
16/02/1973,5.43
23/02/1973,5.58
02/03/1973,5.81
09/03/1973,5.85
16/03/1973,6.05
23/03/1973,6.31
30/03/1973,6.29
06/04/1973,6.45
13/04/1973,6.2
20/04/1973,6.16
27/04/1973,6.23
04/05/1973,6.24
11/05/1973,6.07
18/05/1973,6.22
25/05/1973,6.56
01/06/1973,6.91
08/06/1973,7.07
15/06/1973,7.15
22/06/1973,7.25
29/06/1973,7.32
06/07/1973,7.94
13/07/1973,7.78
20/07/1973,8.03
27/07/1973,8.17
03/08/1973,8.3
10/08/1973,8.7
17/08/1973,8.88
24/08/1973,8.71
31/08/1973,8.62
07/09/1973,8.8
14/09/1973,8.94
21/09/1973,8.38
28/09/1973,7.13
05/10/1973,7.42
12/10/1973,7.14
19/10/1973,7.16
26/10/1973,7.07
02/11/1973,7.38
09/11/1973,8.12
16/11/1973,8.11
23/11/1973,7.72
30/11/1973,7.52
07/12/1973,7.47
14/12/1973,7.51
21/12/1973,7.35
28/12/1973,7.5
04/01/1974,7.49
11/01/1974,7.72
18/01/1974,7.89
25/01/1974,7.99
01/02/1974,7.55
08/02/1974,7.03
15/02/1974,7.06
22/02/1974,7.07
01/03/1974,7.36
08/03/1974,7.71
15/03/1974,7.82
22/03/1974,8.06
29/03/1974,8.35
05/04/1974,8.51
12/04/1974,8.49
19/04/1974,8.05
26/04/1974,8.1
03/05/1974,8.81
10/05/1974,8.6
17/05/1974,8
24/05/1974,7.9
31/05/1974,8.04
07/06/1974,8.05
14/06/1974,8.23
21/06/1974,7.88
28/06/1974,7.45
05/07/1974,7.53
12/07/1974,7.45
19/07/1974,7.72
26/07/1974,7.43
02/08/1974,7.84
09/08/1974,8.75
16/08/1974,8.75
23/08/1974,9.29
30/08/1974,9.37
06/09/1974,9.34
13/09/1974,9.1
20/09/1974,7.64
27/09/1974,6.81
04/10/1974,6.64
11/10/1974,7.24
18/10/1974,7.73
25/10/1974,7.6
01/11/1974,7.95
08/11/1974,7.66
15/11/1974,7.26
22/11/1974,7.46
29/11/1974,7.45
06/12/1974,7.44
13/12/1974,7.24
20/12/1974,6.92
27/12/1974,7.01
03/01/1975,6.96
10/01/1975,6.59
17/01/1975,6.54
24/01/1975,5.98
31/01/1975,5.68
07/02/1975,5.61
14/02/1975,5.65
21/02/1975,5.25
28/02/1975,5.47
07/03/1975,5.57
14/03/1975,5.46
21/03/1975,5.41
28/03/1975,5.53
04/04/1975,5.62
11/04/1975,5.74
18/04/1975,5.44
25/04/1975,5.66
02/05/1975,5.51
09/05/1975,5.41
16/05/1975,5.04
23/05/1975,5.16
30/05/1975,5.23
06/06/1975,5.23
13/06/1975,5
20/06/1975,5.24
27/06/1975,5.8
04/07/1975,5.98
11/07/1975,6.06
18/07/1975,6.05
25/07/1975,6.27
01/08/1975,6.28
08/08/1975,6.42
15/08/1975,6.42
22/08/1975,6.46
29/08/1975,6.49
05/09/1975,6.38
12/09/1975,6.43
19/09/1975,6.45
26/09/1975,6.38
03/10/1975,6.46
10/10/1975,6.23
17/10/1975,6.01
24/10/1975,5.73
31/10/1975,5.58
07/11/1975,5.5
14/11/1975,5.37
21/11/1975,5.49
28/11/1975,5.54
05/12/1975,5.57
12/12/1975,5.6
19/12/1975,5.44
26/12/1975,5.28
02/01/1976,5.19
09/01/1976,5.07
16/01/1976,4.84
23/01/1976,4.78
30/01/1976,4.72
06/02/1976,4.9
13/02/1976,4.85
20/02/1976,4.87
27/02/1976,4.9
05/03/1976,5.2
12/03/1976,4.99
19/03/1976,4.98
26/03/1976,4.87
02/04/1976,4.97
09/04/1976,4.91
16/04/1976,4.8
23/04/1976,4.78
30/04/1976,4.88
07/05/1976,4.91
14/05/1976,5.11
21/05/1976,5.33
28/05/1976,5.47
04/06/1976,5.53
11/06/1976,5.44
18/06/1976,5.38
25/06/1976,5.34
02/07/1976,5.36
09/07/1976,5.34
16/07/1976,5.15
23/07/1976,5.23
30/07/1976,5.17
06/08/1976,5.16
13/08/1976,5.17
20/08/1976,5.15
27/08/1976,5.11
03/09/1976,5.09
10/09/1976,5.11
17/09/1976,5.1
24/09/1976,5.05
01/10/1976,5.06
08/10/1976,5.04
15/10/1976,4.86
22/10/1976,4.84
29/10/1976,4.9
05/11/1976,4.83
12/11/1976,4.92
19/11/1976,4.8
26/11/1976,4.6
03/12/1976,4.42
10/12/1976,4.41
17/12/1976,4.33
24/12/1976,4.27
31/12/1976,4.34
07/01/1977,4.49
14/01/1977,4.58
21/01/1977,4.65
28/01/1977,4.72
04/02/1977,4.71
11/02/1977,4.62
18/02/1977,4.63
25/02/1977,4.71
04/03/1977,4.66
11/03/1977,4.63
18/03/1977,4.59
25/03/1977,4.57
01/04/1977,4.57
08/04/1977,4.58
15/04/1977,4.55
22/04/1977,4.51
29/04/1977,4.51
06/05/1977,4.75
13/05/1977,4.96
20/05/1977,5.05
27/05/1977,5.06
03/06/1977,5.03
10/06/1977,5.06
17/06/1977,5.01
24/06/1977,5.01
01/07/1977,4.97
08/07/1977,5.12
15/07/1977,5.16
22/07/1977,5.21
29/07/1977,5.27
05/08/1977,5.35
12/08/1977,5.47
19/08/1977,5.56
26/08/1977,5.53
02/09/1977,5.56
09/09/1977,5.65
16/09/1977,5.86
23/09/1977,5.9
30/09/1977,5.89
07/10/1977,6.09
14/10/1977,6.32
21/10/1977,6.17
28/10/1977,6.09
04/11/1977,6.2
11/11/1977,6.15
18/11/1977,6.07
25/11/1977,6.06
02/12/1977,6.04
09/12/1977,6.07
16/12/1977,6.03
23/12/1977,6.03
30/12/1977,6.16
06/01/1978,6.2
13/01/1978,6.6
20/01/1978,6.48
27/01/1978,6.44
03/02/1978,6.42
10/02/1978,6.44
17/02/1978,6.48
24/02/1978,6.45
03/03/1978,6.39
10/03/1978,6.29
17/03/1978,6.27
24/03/1978,6.21
31/03/1978,6.34
07/04/1978,6.37
14/04/1978,6.29
21/04/1978,6.22
28/04/1978,6.26
05/05/1978,6.38
12/05/1978,6.37
19/05/1978,6.32
26/05/1978,6.51
02/06/1978,6.62
09/06/1978,6.62
16/06/1978,6.65
23/06/1978,6.79
30/06/1978,6.93
07/07/1978,7.05
14/07/1978,7.16
21/07/1978,7.05
28/07/1978,6.83
04/08/1978,6.8
11/08/1978,6.79
18/08/1978,7.12
25/08/1978,7.25
01/09/1978,7.5
08/09/1978,7.6
15/09/1978,7.77
22/09/1978,8.02
29/09/1978,7.96
06/10/1978,8.14
13/10/1978,7.98
20/10/1978,7.89
27/10/1978,7.7
03/11/1978,8.73
10/11/1978,8.79
17/11/1978,8.14
24/11/1978,8.63
01/12/1978,8.98
08/12/1978,8.93
15/12/1978,8.93
22/12/1978,9.28
29/12/1978,9.25
05/01/1979,9.34
12/01/1979,9.3
19/01/1979,9.44
26/01/1979,9.34
02/02/1979,9.28
09/02/1979,9.24
16/02/1979,9.28
23/02/1979,9.41
02/03/1979,9.44
09/03/1979,9.44
16/03/1979,9.51
23/03/1979,9.54
30/03/1979,9.46
06/04/1979,9.53
13/04/1979,9.7
20/04/1979,9.41
27/04/1979,9.23
04/05/1979,9.58
11/05/1979,9.63
18/05/1979,9.6
25/05/1979,9.64
01/06/1979,9.55
08/06/1979,9.36
15/06/1979,8.97
22/06/1979,8.96
29/06/1979,8.83
06/07/1979,9.1
13/07/1979,9.28
20/07/1979,9.31
27/07/1979,9.28
03/08/1979,9.23
10/08/1979,9.4
17/08/1979,9.52
24/08/1979,9.55
31/08/1979,9.74
07/09/1979,10.2
14/09/1979,10.45
21/09/1979,10.26
28/09/1979,10.14
05/10/1979,10.43
12/10/1979,11.62
19/10/1979,11.91
26/10/1979,12.6
02/11/1979,12.07
09/11/1979,12.25
16/11/1979,11.9
23/11/1979,11.77
30/11/1979,11.26
07/12/1979,11.75
14/12/1979,12.34
21/12/1979,12.06
28/12/1979,11.99
04/01/1980,12.1
11/01/1980,11.72
18/01/1980,11.91
25/01/1980,12.17
01/02/1980,12.15
08/02/1980,12.05
15/02/1980,12.36
22/02/1980,13.38
29/02/1980,13.78
07/03/1980,15.37
14/03/1980,15.32
21/03/1980,14.76
28/03/1980,15.55
04/04/1980,14.78
11/04/1980,14.3
18/04/1980,13.57
25/04/1980,12.18
02/05/1980,10.47
09/05/1980,9.14
16/05/1980,8.53
23/05/1980,8.15
30/05/1980,7.7
06/06/1980,7.51
13/06/1980,6.44
20/06/1980,6.76
27/06/1980,7.42
04/07/1980,7.92
11/07/1980,8.08
18/07/1980,7.98
25/07/1980,7.93
01/08/1980,8.44
08/08/1980,8.58
15/08/1980,8.6
22/08/1980,9.41
29/08/1980,10.01
05/09/1980,9.78
12/09/1980,10.09
19/09/1980,10.26
26/09/1980,10.45
03/10/1980,11.39
10/10/1980,11.24
17/10/1980,11.07
24/10/1980,11.66
31/10/1980,12.51
07/11/1980,13.28
14/11/1980,13.29
21/11/1980,13.98
28/11/1980,14.31
05/12/1980,14.98
12/12/1980,16.76
19/12/1980,16.21
26/12/1980,14.62
02/01/1981,14.31
09/01/1981,14.31
16/01/1981,15.19
23/01/1981,15.65
30/01/1981,15.01
06/02/1981,14.9
13/02/1981,15.51
20/02/1981,14.68
27/02/1981,14.19
06/03/1981,14.44
13/03/1981,13.79
20/03/1981,12.63
27/03/1981,12.91
03/04/1981,12.6
10/04/1981,13.67
17/04/1981,13.66
24/04/1981,13.74
01/05/1981,14.52
08/05/1981,16.44
15/05/1981,16.75
22/05/1981,16.61
29/05/1981,15.61
05/06/1981,15.69
12/06/1981,14.79
19/06/1981,14.31
26/06/1981,14.39
03/07/1981,14.34
10/07/1981,14.82
17/07/1981,14.56
24/07/1981,15.5
31/07/1981,15.07
07/08/1981,15.43
14/08/1981,15.25
21/08/1981,15.63
28/08/1981,15.71
04/09/1981,15.59
11/09/1981,15.14
18/09/1981,14.35
25/09/1981,14.29
02/10/1981,14.37
09/10/1981,13.81
16/10/1981,13.41
23/10/1981,13.37
30/10/1981,13.14
06/11/1981,12.21
13/11/1981,10.93
20/11/1981,10.31
27/11/1981,10.23
04/12/1981,10.39
11/12/1981,10.47
18/12/1981,10.94
25/12/1981,11.14
01/01/1982,11.35
08/01/1982,11.59
15/01/1982,12.07
22/01/1982,12.66
29/01/1982,12.79
05/02/1982,13.68
12/02/1982,14.12
19/02/1982,14.06
26/02/1982,12.31
05/03/1982,12.26
12/03/1982,12.47
19/03/1982,12.85
26/03/1982,12.72
02/04/1982,13.32
09/04/1982,13.1
16/04/1982,12.77
23/04/1982,12.39
30/04/1982,12.42
07/05/1982,12.54
14/05/1982,12.38
21/05/1982,11.9
28/05/1982,11.54
04/06/1982,12.09
11/06/1982,12.06
18/06/1982,12.46
25/06/1982,12.88
02/07/1982,12.81
09/07/1982,12.23
16/07/1982,11.71
23/07/1982,10.64
30/07/1982,10.51
06/08/1982,9.8
13/08/1982,9.7
20/08/1982,7.88
27/08/1982,7.5
03/09/1982,8.31
10/09/1982,8.34
17/09/1982,8.03
24/09/1982,7.53
01/10/1982,7.52
08/10/1982,7.93
15/10/1982,7.48
22/10/1982,7.54
29/10/1982,7.93
05/11/1982,7.78
12/11/1982,8.07
19/11/1982,8.31
26/11/1982,7.94
03/12/1982,8.14
10/12/1982,7.96
17/12/1982,7.8
24/12/1982,7.91
31/12/1982,8.01
07/01/1983,7.92
14/01/1983,7.66
21/01/1983,7.75
28/01/1983,8.05
04/02/1983,8.16
11/02/1983,8.22
18/02/1983,8.16
25/02/1983,7.91
04/03/1983,7.97
11/03/1983,8.25
18/03/1983,8.31
25/03/1983,8.55
01/04/1983,8.64
08/04/1983,8.45
15/04/1983,8.16
22/04/1983,8.12
29/04/1983,8.11
06/05/1983,8.03
13/05/1983,8.03
20/05/1983,8.14
27/05/1983,8.48
03/06/1983,8.57
10/06/1983,8.76
17/06/1983,8.7
24/06/1983,8.97
01/07/1983,8.88
08/07/1983,9.07
15/07/1983,9.1
22/07/1983,9.1
29/07/1983,9.13
05/08/1983,9.41
12/08/1983,9.52
19/08/1983,9.35
26/08/1983,9.15
02/09/1983,9.26
09/09/1983,9.13
16/09/1983,9.08
23/09/1983,8.94
30/09/1983,8.75
07/10/1983,8.62
14/10/1983,8.79
21/10/1983,8.53
28/10/1983,8.66
04/11/1983,8.58
11/11/1983,8.77
18/11/1983,8.81
25/11/1983,8.79
02/12/1983,8.88
09/12/1983,8.97
16/12/1983,9.09
23/12/1983,9
30/12/1983,8.96
06/01/1984,8.95
13/01/1984,8.88
20/01/1984,8.88
27/01/1984,8.93
03/02/1984,8.91
10/02/1984,9.06
17/02/1984,9.09
24/02/1984,9.18
02/03/1984,9.18
09/03/1984,9.29
16/03/1984,9.43
23/03/1984,9.76
30/03/1984,9.72
06/04/1984,9.74
13/04/1984,9.65
20/04/1984,9.76
27/04/1984,9.64
04/05/1984,9.73
11/05/1984,9.97
18/05/1984,9.88
25/05/1984,9.79
01/06/1984,9.76
08/06/1984,9.81
15/06/1984,9.95
22/06/1984,9.91
29/06/1984,9.81
06/07/1984,9.92
13/07/1984,10.04
20/07/1984,10.11
27/07/1984,10.25
03/08/1984,10.42
10/08/1984,10.48
17/08/1984,10.31
24/08/1984,10.44
31/08/1984,10.65
07/09/1984,10.61
14/09/1984,10.38
21/09/1984,10.29
28/09/1984,10.24
05/10/1984,10.19
12/10/1984,10.01
19/10/1984,9.81
26/10/1984,9.33
02/11/1984,9.1
09/11/1984,8.65
16/11/1984,8.68
23/11/1984,8.55
30/11/1984,8.41
07/12/1984,8.44
14/12/1984,8.27
21/12/1984,7.81
28/12/1984,7.67
04/01/1985,7.83
11/01/1985,7.75
18/01/1985,7.73
25/01/1985,7.65
01/02/1985,7.92
08/02/1985,8.17
15/02/1985,8.21
22/02/1985,8.31
01/03/1985,8.47
08/03/1985,8.69
15/03/1985,8.55
22/03/1985,8.51
29/03/1985,8.29
05/04/1985,8.17
12/04/1985,8.08
19/04/1985,7.86
26/04/1985,7.77
03/05/1985,7.78
10/05/1985,7.76
17/05/1985,7.5
24/05/1985,7.25
31/05/1985,7.19
07/06/1985,7.01
14/06/1985,7.03
21/06/1985,6.81
28/06/1985,6.97
05/07/1985,6.9
12/07/1985,6.99
19/07/1985,7.07
26/07/1985,7.22
02/08/1985,7.28
09/08/1985,7.21
16/08/1985,7.13
23/08/1985,7.07
30/08/1985,7.07
06/09/1985,7.14
13/09/1985,7.23
20/09/1985,7.12
27/09/1985,6.89
04/10/1985,7.01
11/10/1985,7.17
18/10/1985,7.2
25/10/1985,7.22
01/11/1985,7.2
08/11/1985,7.25
15/11/1985,7.29
22/11/1985,7.23
29/11/1985,7.18
06/12/1985,7.24
13/12/1985,7.1
20/12/1985,7.06
27/12/1985,7.02
03/01/1986,7.04
10/01/1986,7.13
17/01/1986,7.17
24/01/1986,6.99
31/01/1986,6.98
07/02/1986,7.06
14/02/1986,7.11
21/02/1986,7.05
28/02/1986,7.04
07/03/1986,6.79
14/03/1986,6.59
21/03/1986,6.49
28/03/1986,6.39
04/04/1986,6.31
11/04/1986,6.07
18/04/1986,5.84
25/04/1986,6.03
02/05/1986,6.11
09/05/1986,6.05
16/05/1986,6.14
23/05/1986,6.2
30/05/1986,6.24
06/06/1986,6.42
13/06/1986,6.29
20/06/1986,6.1
27/06/1986,6.07
04/07/1986,5.97
11/07/1986,5.86
18/07/1986,5.75
25/07/1986,5.78
01/08/1986,5.83
08/08/1986,5.71
15/08/1986,5.6
22/08/1986,5.48
29/08/1986,5.27
05/09/1986,5.21
12/09/1986,5.2
19/09/1986,5.18
26/09/1986,5.24
03/10/1986,5.19
10/10/1986,5.05
17/10/1986,5.2
24/10/1986,5.29
31/10/1986,5.19
07/11/1986,5.26
14/11/1986,5.41
21/11/1986,5.36
28/11/1986,5.39
05/12/1986,5.42
12/12/1986,5.49
19/12/1986,5.57
26/12/1986,5.56
02/01/1987,5.65
09/01/1987,5.46
16/01/1987,5.35
23/01/1987,5.35
30/01/1987,5.51
06/02/1987,5.62
13/02/1987,5.75
20/02/1987,5.55
27/02/1987,5.45
06/03/1987,5.54
13/03/1987,5.66
20/03/1987,5.55
27/03/1987,5.6
03/04/1987,5.56
10/04/1987,5.62
17/04/1987,5.8
24/04/1987,5.54
01/05/1987,5.69
08/05/1987,5.61
15/05/1987,5.69
22/05/1987,5.68
29/05/1987,5.67
05/06/1987,5.7
12/06/1987,5.55
19/06/1987,5.65
26/06/1987,5.77
03/07/1987,5.68
10/07/1987,5.61
17/07/1987,5.58
24/07/1987,5.66
31/07/1987,5.94
07/08/1987,5.87
14/08/1987,5.94
21/08/1987,6.05
28/08/1987,6.24
04/09/1987,6.21
11/09/1987,6.39
18/09/1987,6.36
25/09/1987,6.48
02/10/1987,6.62
09/10/1987,6.65
16/10/1987,6.98
23/10/1987,5.7
30/10/1987,5.17
06/11/1987,5.62
13/11/1987,5.78
20/11/1987,5.78
27/11/1987,5.72
04/12/1987,5.41
11/12/1987,5.86
18/12/1987,5.9
25/12/1987,5.83
01/01/1988,5.73
08/01/1988,5.86
15/01/1988,5.81
22/01/1988,5.85
29/01/1988,5.74
05/02/1988,5.67
12/02/1988,5.65
19/02/1988,5.72
26/02/1988,5.63
04/03/1988,5.63
11/03/1988,5.73
18/03/1988,5.64
25/03/1988,5.77
01/04/1988,5.74
08/04/1988,5.99
15/04/1988,5.89
22/04/1988,5.83
29/04/1988,5.91
06/05/1988,6.16
13/05/1988,6.26
20/05/1988,6.22
27/05/1988,6.35
03/06/1988,6.45
10/06/1988,6.43
17/06/1988,6.36
24/06/1988,6.5
01/07/1988,6.57
08/07/1988,6.58
15/07/1988,6.7
22/07/1988,6.72
29/07/1988,6.93
05/08/1988,6.89
12/08/1988,6.98
19/08/1988,7.03
26/08/1988,7.2
02/09/1988,7.28
09/09/1988,7.3
16/09/1988,7.18
23/09/1988,7.19
30/09/1988,7.3
07/10/1988,7.25
14/10/1988,7.31
21/10/1988,7.4
28/10/1988,7.42
04/11/1988,7.38
11/11/1988,7.57
18/11/1988,7.91
25/11/1988,8.01
02/12/1988,7.94
09/12/1988,7.96
16/12/1988,8.09
23/12/1988,8.11
30/12/1988,8.16
06/01/1989,8.24
13/01/1989,8.26
20/01/1989,8.24
27/01/1989,8.29
03/02/1989,8.38
10/02/1989,8.52
17/02/1989,8.52
24/02/1989,8.57
03/03/1989,8.67
10/03/1989,8.64
17/03/1989,8.74
24/03/1989,9.03
31/03/1989,9
07/04/1989,8.82
14/04/1989,8.69
21/04/1989,8.55
28/04/1989,8.53
05/05/1989,8.54
12/05/1989,8.43
19/05/1989,8.3
26/05/1989,8.41
02/06/1989,8.54
09/06/1989,8.18
16/06/1989,8.14
23/06/1989,8.13
30/06/1989,8.03
07/07/1989,7.81
14/07/1989,7.77
21/07/1989,7.97
28/07/1989,7.98
04/08/1989,7.71
11/08/1989,7.92
18/08/1989,7.95
25/08/1989,7.98
01/09/1989,7.9
08/09/1989,7.82
15/09/1989,7.6
22/09/1989,7.73
29/09/1989,7.84
06/10/1989,7.76
13/10/1989,7.66
20/10/1989,7.5
27/10/1989,7.6
03/11/1989,7.77
10/11/1989,7.74
17/11/1989,7.67
24/11/1989,7.6
01/12/1989,7.63
08/12/1989,7.61
15/12/1989,7.65
22/12/1989,7.6
29/12/1989,7.68
05/01/1990,7.59
12/01/1990,7.53
19/01/1990,7.72
26/01/1990,7.69
02/02/1990,7.76
09/02/1990,7.8
16/02/1990,7.66
23/02/1990,7.74
02/03/1990,7.76
09/03/1990,7.91
16/03/1990,7.96
23/03/1990,7.93
30/03/1990,7.85
06/04/1990,7.77
13/04/1990,7.78
20/04/1990,7.76
27/04/1990,7.78
04/05/1990,7.85
11/05/1990,7.74
18/05/1990,7.67
25/05/1990,7.71
01/06/1990,7.74
08/06/1990,7.7
15/06/1990,7.7
22/06/1990,7.74
29/06/1990,7.77
06/07/1990,7.71
13/07/1990,7.73
20/07/1990,7.57
27/07/1990,7.53
03/08/1990,7.43
10/08/1990,7.37
17/08/1990,7.45
24/08/1990,7.54
31/08/1990,7.46
07/09/1990,7.38
14/09/1990,7.38
21/09/1990,7.38
28/09/1990,7.29
05/10/1990,7.13
12/10/1990,7.16
19/10/1990,7.2
26/10/1990,7.19
02/11/1990,7.11
09/11/1990,7.08
16/11/1990,7.07
23/11/1990,7.07
30/11/1990,7.04
07/12/1990,6.99
14/12/1990,6.83
21/12/1990,6.66
28/12/1990,6.48
04/01/1991,6.47
11/01/1991,6.31
18/01/1991,6.07
25/01/1991,6.12
01/02/1991,6.17
08/02/1991,5.94
15/02/1991,5.87
22/02/1991,5.94
01/03/1991,6.04
08/03/1991,6.05
15/03/1991,5.83
22/03/1991,5.87
29/03/1991,5.82
05/04/1991,5.75
12/04/1991,5.59
19/04/1991,5.63
26/04/1991,5.66
03/05/1991,5.51
10/05/1991,5.48
17/05/1991,5.44
24/05/1991,5.44
31/05/1991,5.46
07/06/1991,5.58
14/06/1991,5.58
21/06/1991,5.58
28/06/1991,5.56
05/07/1991,5.58
12/07/1991,5.57
19/07/1991,5.59
26/07/1991,5.58
02/08/1991,5.53
09/08/1991,5.4
16/08/1991,5.29
23/08/1991,5.24
30/08/1991,5.34
06/09/1991,5.32
13/09/1991,5.23
20/09/1991,5.19
27/09/1991,5.16
04/10/1991,5.07
11/10/1991,5.01
18/10/1991,5
25/10/1991,5.01
01/11/1991,4.85
08/11/1991,4.68
15/11/1991,4.62
22/11/1991,4.49
29/11/1991,4.39
06/12/1991,4.32
13/12/1991,4.16
20/12/1991,4.03
27/12/1991,3.81
03/01/1992,3.87
10/01/1992,3.77
17/01/1992,3.81
24/01/1992,3.77
31/01/1992,3.84
07/02/1992,3.81
14/02/1992,3.76
21/02/1992,3.87
28/02/1992,3.94
06/03/1992,4.04
13/03/1992,4.02
20/03/1992,4.06
27/03/1992,4.03
03/04/1992,4.01
10/04/1992,3.8
17/04/1992,3.63
24/04/1992,3.68
01/05/1992,3.69
08/05/1992,3.63
15/05/1992,3.6
22/05/1992,3.61
29/05/1992,3.71
05/06/1992,3.71
12/06/1992,3.67
19/06/1992,3.63
26/06/1992,3.64
03/07/1992,3.48
10/07/1992,3.22
17/07/1992,3.19
24/07/1992,3.17
31/07/1992,3.18
07/08/1992,3.16
14/08/1992,3.11
21/08/1992,3.07
28/08/1992,3.16
04/09/1992,3.1
11/09/1992,2.91
18/09/1992,2.89
25/09/1992,2.89
02/10/1992,2.69
09/10/1992,2.76
16/10/1992,2.9
23/10/1992,2.95
30/10/1992,2.94
06/11/1992,3.03
13/11/1992,3.08
20/11/1992,3.16
27/11/1992,3.24
04/12/1992,3.3
11/12/1992,3.24
18/12/1992,3.21
25/12/1992,3.18
01/01/1993,3.15
08/01/1993,3.09
15/01/1993,3
22/01/1993,2.99
29/01/1993,2.92
05/02/1993,2.92
12/02/1993,2.93
19/02/1993,2.92
26/02/1993,2.95
05/03/1993,2.95
12/03/1993,2.98
19/03/1993,2.97
26/03/1993,2.92
02/04/1993,2.91
09/04/1993,2.91
16/04/1993,2.85
23/04/1993,2.81
30/04/1993,2.91
07/05/1993,2.87
14/05/1993,2.91
21/05/1993,2.99
28/05/1993,3.06
04/06/1993,3.06
11/06/1993,3.1
18/06/1993,3.05
25/06/1993,3.09
02/07/1993,3.01
09/07/1993,3.02
16/07/1993,3.02
23/07/1993,3.07
30/07/1993,3.06
06/08/1993,3.06
13/08/1993,3.02
20/08/1993,3
27/08/1993,3
03/09/1993,2.99
10/09/1993,2.96
17/09/1993,2.96
24/09/1993,2.93
01/10/1993,2.92
08/10/1993,2.97
15/10/1993,3.02
22/10/1993,3.04
29/10/1993,3.06
05/11/1993,3.08
12/11/1993,3.1
19/11/1993,3.11
26/11/1993,3.12
03/12/1993,3.12
10/12/1993,3.07
17/12/1993,3.04
24/12/1993,3.06
31/12/1993,3.02
07/01/1994,3.05
14/01/1994,2.97
21/01/1994,2.96
28/01/1994,2.93
04/02/1994,3.08
11/02/1994,3.25
18/02/1994,3.27
25/02/1994,3.35
04/03/1994,3.47
11/03/1994,3.52
18/03/1994,3.52
25/03/1994,3.49
01/04/1994,3.5
08/04/1994,3.6
15/04/1994,3.57
22/04/1994,3.73
29/04/1994,3.85
06/05/1994,4.04
13/05/1994,4.19
20/05/1994,4.16
27/05/1994,4.18
03/06/1994,4.15
10/06/1994,4.11
17/06/1994,4.12
24/06/1994,4.16
01/07/1994,4.16
08/07/1994,4.28
15/07/1994,4.37
22/07/1994,4.3
29/07/1994,4.39
05/08/1994,4.34
12/08/1994,4.4
19/08/1994,4.56
26/08/1994,4.55
02/09/1994,4.56
09/09/1994,4.56
16/09/1994,4.59
23/09/1994,4.71
30/09/1994,4.66
07/10/1994,4.9
14/10/1994,4.91
21/10/1994,4.94
28/10/1994,5.01
04/11/1994,5.1
11/11/1994,5.22
18/11/1994,5.34
25/11/1994,5.31
02/12/1994,5.53
09/12/1994,5.7
16/12/1994,5.66
23/12/1994,5.49
30/12/1994,5.52
06/01/1995,5.67
13/01/1995,5.66
20/01/1995,5.7
27/01/1995,5.77
03/02/1995,5.82
10/02/1995,5.79
17/02/1995,5.75
24/02/1995,5.72
03/03/1995,5.74
10/03/1995,5.76
17/03/1995,5.75
24/03/1995,5.72
31/03/1995,5.69
07/04/1995,5.7
14/04/1995,5.63
21/04/1995,5.61
28/04/1995,5.67
05/05/1995,5.65
12/05/1995,5.64
19/05/1995,5.69
26/05/1995,5.69
02/06/1995,5.55
09/06/1995,5.56
16/06/1995,5.48
23/06/1995,5.42
30/06/1995,5.43
07/07/1995,5.43
14/07/1995,5.39
21/07/1995,5.43
28/07/1995,5.44
04/08/1995,5.42
11/08/1995,5.4
18/08/1995,5.44
25/08/1995,5.41
01/09/1995,5.31
08/09/1995,5.33
15/09/1995,5.31
22/09/1995,5.22
29/09/1995,5.26
06/10/1995,5.3
13/10/1995,5.3
20/10/1995,5.27
27/10/1995,5.24
03/11/1995,5.31
10/11/1995,5.38
17/11/1995,5.38
24/11/1995,5.35
01/12/1995,5.33
08/12/1995,5.32
15/12/1995,5.26
22/12/1995,5.02
29/12/1995,4.89
05/01/1996,5.02
12/01/1996,5.03
19/01/1996,4.98
26/01/1996,4.97
02/02/1996,4.93
09/02/1996,4.81
16/02/1996,4.79
23/02/1996,4.82
01/03/1996,4.87
08/03/1996,4.89
15/03/1996,4.97
22/03/1996,5
29/03/1996,5
05/04/1996,5.01
12/04/1996,4.97
19/04/1996,4.85
26/04/1996,4.96
03/05/1996,5
10/05/1996,5
17/05/1996,5.01
24/05/1996,5.04
31/05/1996,5.04
07/06/1996,5.09
14/06/1996,5.11
21/06/1996,5.09
28/06/1996,5.09
05/07/1996,5.13
12/07/1996,5.15
19/07/1996,5.13
26/07/1996,5.16
02/08/1996,5.15
09/08/1996,5.03
16/08/1996,5.03
23/08/1996,5.02
30/08/1996,5.09
06/09/1996,5.19
13/09/1996,5.13
20/09/1996,5.12
27/09/1996,4.98
04/10/1996,4.91
11/10/1996,4.98
18/10/1996,5
25/10/1996,5
01/11/1996,5.03
08/11/1996,5.03
15/11/1996,5.03
22/11/1996,5.03
29/11/1996,5.02
06/12/1996,4.92
13/12/1996,4.83
20/12/1996,4.88
27/12/1996,4.97
03/01/1997,5.05
10/01/1997,5.03
17/01/1997,5.03
24/01/1997,5.04
31/01/1997,5.04
07/02/1997,4.99
14/02/1997,5
21/02/1997,4.97
28/02/1997,5.05
07/03/1997,5.09
14/03/1997,5.08
21/03/1997,5.17
28/03/1997,5.25
04/04/1997,5.17
11/04/1997,5.14
18/04/1997,5.16
25/04/1997,5.19
02/05/1997,5.15
09/05/1997,5.06
16/05/1997,5.05
23/05/1997,5.1
30/05/1997,4.94
06/06/1997,4.91
13/06/1997,4.88
20/06/1997,4.91
27/06/1997,4.99
04/07/1997,5.04
11/07/1997,4.99
18/07/1997,5.05
25/07/1997,5.08
01/08/1997,5.11
08/08/1997,5.15
15/08/1997,5.17
22/08/1997,5.12
29/08/1997,5.13
05/09/1997,5.03
12/09/1997,5
19/09/1997,4.97
26/09/1997,4.85
03/10/1997,4.92
10/10/1997,4.95
17/10/1997,4.94
24/10/1997,4.97
31/10/1997,5.04
07/11/1997,5.14
14/11/1997,5.16
21/11/1997,5.15
28/11/1997,5.13
05/12/1997,5.13
12/12/1997,5.1
19/12/1997,5.12
26/12/1997,5.27
02/01/1998,5.24
09/01/1998,5.04
16/01/1998,5
23/01/1998,5.02
30/01/1998,5.06
06/02/1998,5.05
13/02/1998,5.07
20/02/1998,5.06
27/02/1998,5.16
06/03/1998,5.08
13/03/1998,4.97
20/03/1998,5.02
27/03/1998,5.05
03/04/1998,5
10/04/1998,4.95
17/04/1998,4.97
24/04/1998,4.94
01/05/1998,4.91
08/05/1998,4.97
15/05/1998,5.01
22/05/1998,5.08
29/05/1998,4.95
05/06/1998,4.95
12/06/1998,5
19/06/1998,5.04
26/06/1998,4.93
03/07/1998,4.94
10/07/1998,4.94
17/07/1998,5.01
24/07/1998,4.96
31/07/1998,4.95
07/08/1998,4.93
14/08/1998,4.89
21/08/1998,4.92
28/08/1998,4.89
04/09/1998,4.76
11/09/1998,4.73
18/09/1998,4.62
25/09/1998,4.53
02/10/1998,4.26
09/10/1998,3.96
16/10/1998,3.84
23/10/1998,3.85
30/10/1998,4.12
06/11/1998,4.43
13/11/1998,4.42
20/11/1998,4.35
27/11/1998,4.47
04/12/1998,4.38
11/12/1998,4.36
18/12/1998,4.37
25/12/1998,4.44
01/01/1999,4.44
08/01/1999,4.36
15/01/1999,4.35
22/01/1999,4.26
29/01/1999,4.35
05/02/1999,4.4
12/02/1999,4.4
19/02/1999,4.42
26/02/1999,4.53
05/03/1999,4.52
12/03/1999,4.48
19/03/1999,4.42
26/03/1999,4.39
02/04/1999,4.35
09/04/1999,4.29
16/04/1999,4.2
23/04/1999,4.26
30/04/1999,4.39
07/05/1999,4.49
14/05/1999,4.48
21/05/1999,4.51
28/05/1999,4.52
04/06/1999,4.53
11/06/1999,4.5
18/06/1999,4.56
25/06/1999,4.61
02/07/1999,4.63
09/07/1999,4.55
16/07/1999,4.57
23/07/1999,4.5
30/07/1999,4.59
06/08/1999,4.65
13/08/1999,4.72
20/08/1999,4.65
27/08/1999,4.81
03/09/1999,4.82
10/09/1999,4.67
17/09/1999,4.61
24/09/1999,4.65
01/10/1999,4.71
08/10/1999,4.69
15/10/1999,4.84
22/10/1999,4.97
29/10/1999,4.96
05/11/1999,4.98
12/11/1999,5.05
19/11/1999,5.1
26/11/1999,5.12
03/12/1999,5.13
10/12/1999,5.09
17/12/1999,5.23
24/12/1999,5.38
31/12/1999,5.17
07/01/2000,5.26
14/01/2000,5.26
21/01/2000,5.31
28/01/2000,5.41
04/02/2000,5.5
11/02/2000,5.49
18/02/2000,5.55
25/02/2000,5.62
03/03/2000,5.62
10/03/2000,5.67
17/03/2000,5.71
24/03/2000,5.74
31/03/2000,5.71
07/04/2000,5.7
14/04/2000,5.67
21/04/2000,5.65
28/04/2000,5.62
05/05/2000,5.74
12/05/2000,5.94
19/05/2000,5.86
26/05/2000,5.73
02/06/2000,5.59
09/06/2000,5.76
16/06/2000,5.68
23/06/2000,5.66
30/06/2000,5.67
07/07/2000,5.82
14/07/2000,5.96
21/07/2000,5.98
28/07/2000,6.01
04/08/2000,6.05
11/08/2000,6.08
18/08/2000,6.09
25/08/2000,6.11
01/09/2000,6.13
08/09/2000,6.02
15/09/2000,5.95
22/09/2000,5.98
29/09/2000,6.03
06/10/2000,6.06
13/10/2000,6.03
20/10/2000,6.11
27/10/2000,6.18
03/11/2000,6.19
10/11/2000,6.22
17/11/2000,6.18
24/11/2000,6.18
01/12/2000,6.08
08/12/2000,5.94
15/12/2000,5.89
22/12/2000,5.51
29/12/2000,5.66
05/01/2001,5.36
12/01/2001,5.13
19/01/2001,5.17
26/01/2001,5.11
02/02/2001,4.91
09/02/2001,4.94
16/02/2001,4.93
23/02/2001,4.87
02/03/2001,4.72
09/03/2001,4.62
16/03/2001,4.47
23/03/2001,4.27
30/03/2001,4.22
06/04/2001,4.01
13/04/2001,3.9
20/04/2001,3.87
27/04/2001,3.72
04/05/2001,3.78
11/05/2001,3.65
18/05/2001,3.54
25/05/2001,3.58
01/06/2001,3.59
08/06/2001,3.56
15/06/2001,3.48
22/06/2001,3.42
29/06/2001,3.47
06/07/2001,3.57
13/07/2001,3.54
20/07/2001,3.49
27/07/2001,3.48
03/08/2001,3.46
10/08/2001,3.41
17/08/2001,3.34
24/08/2001,3.33
31/08/2001,3.33
07/09/2001,3.29
14/09/2001,2.82
21/09/2001,2.3
28/09/2001,2.34
05/10/2001,2.21
12/10/2001,2.2
19/10/2001,2.17
26/10/2001,2.13
02/11/2001,2.01
09/11/2001,1.83
16/11/2001,1.86
23/11/2001,1.91
30/11/2001,1.84
07/12/2001,1.72
14/12/2001,1.66
21/12/2001,1.68
28/12/2001,1.7
04/01/2002,1.7
11/01/2002,1.63
18/01/2002,1.58
25/01/2002,1.68
01/02/2002,1.71
08/02/2002,1.72
15/02/2002,1.72
22/02/2002,1.73
01/03/2002,1.74
08/03/2002,1.76
15/03/2002,1.81
22/03/2002,1.81
29/03/2002,1.78
05/04/2002,1.75
12/04/2002,1.69
19/04/2002,1.7
26/04/2002,1.7
03/05/2002,1.74
10/05/2002,1.73
17/05/2002,1.73
24/05/2002,1.71
31/05/2002,1.72
07/06/2002,1.72
14/06/2002,1.7
21/06/2002,1.69
28/06/2002,1.68
05/07/2002,1.69
12/07/2002,1.69
19/07/2002,1.69
26/07/2002,1.67
02/08/2002,1.66
09/08/2002,1.59
16/08/2002,1.61
23/08/2002,1.61
30/08/2002,1.65
06/09/2002,1.61
13/09/2002,1.66
20/09/2002,1.65
27/09/2002,1.62
04/10/2002,1.55
11/10/2002,1.56
18/10/2002,1.64
25/10/2002,1.64
01/11/2002,1.47
08/11/2002,1.28
15/11/2002,1.2
22/11/2002,1.2
29/11/2002,1.21
06/12/2002,1.2
13/12/2002,1.19
20/12/2002,1.2
27/12/2002,1.16
03/01/2003,1.2
10/01/2003,1.18
17/01/2003,1.17
24/01/2003,1.15
31/01/2003,1.16
07/02/2003,1.15
14/02/2003,1.16
21/02/2003,1.17
28/02/2003,1.19
07/03/2003,1.15
14/03/2003,1.09
21/03/2003,1.14
28/03/2003,1.15
04/04/2003,1.1
11/04/2003,1.13
18/04/2003,1.16
25/04/2003,1.14
02/05/2003,1.11
09/05/2003,1.09
16/05/2003,1.05
23/05/2003,1.04
30/05/2003,1.09
06/06/2003,1.05
13/06/2003,0.92
20/06/2003,0.84
27/06/2003,0.86
04/07/2003,0.87
11/07/2003,0.88
18/07/2003,0.89
25/07/2003,0.91
01/08/2003,0.95
08/08/2003,0.94
15/08/2003,0.94
22/08/2003,0.95
29/08/2003,0.98
05/09/2003,0.95
12/09/2003,0.94
19/09/2003,0.93
26/09/2003,0.93
03/10/2003,0.93
10/10/2003,0.9
17/10/2003,0.91
24/10/2003,0.93
31/10/2003,0.94
07/11/2003,0.94
14/11/2003,0.93
21/11/2003,0.93
28/11/2003,0.93
05/12/2003,0.92
12/12/2003,0.9
19/12/2003,0.88
26/12/2003,0.88
02/01/2004,0.91
09/01/2004,0.88
16/01/2004,0.87
23/01/2004,0.87
30/01/2004,0.9
06/02/2004,0.92
13/02/2004,0.92
20/02/2004,0.92
27/02/2004,0.94
05/03/2004,0.94
12/03/2004,0.94
19/03/2004,0.93
26/03/2004,0.93
02/04/2004,0.93
09/04/2004,0.93
16/04/2004,0.93
23/04/2004,0.96
30/04/2004,0.96
07/05/2004,1
14/05/2004,1.02
21/05/2004,1.03
28/05/2004,1.06
04/06/2004,1.16
11/06/2004,1.25
18/06/2004,1.3
25/06/2004,1.29
02/07/2004,1.3
09/07/2004,1.28
16/07/2004,1.32
23/07/2004,1.34
30/07/2004,1.43
06/08/2004,1.45
13/08/2004,1.44
20/08/2004,1.46
27/08/2004,1.52
03/09/2004,1.58
10/09/2004,1.63
17/09/2004,1.65
24/09/2004,1.69
01/10/2004,1.69
08/10/2004,1.68
15/10/2004,1.7
22/10/2004,1.8
29/10/2004,1.87
05/11/2004,1.95
12/11/2004,2.04
19/11/2004,2.09
26/11/2004,2.15
03/12/2004,2.18
10/12/2004,2.21
17/12/2004,2.18
24/12/2004,2.17
31/12/2004,2.2
07/01/2005,2.29
14/01/2005,2.31
21/01/2005,2.33
28/01/2005,2.38
04/02/2005,2.46
11/02/2005,2.48
18/02/2005,2.54
25/02/2005,2.65
04/03/2005,2.7
11/03/2005,2.7
18/03/2005,2.74
25/03/2005,2.8
01/04/2005,2.76
08/04/2005,2.73
15/04/2005,2.72
22/04/2005,2.84
29/04/2005,2.85
06/05/2005,2.82
13/05/2005,2.82
20/05/2005,2.82
27/05/2005,2.89
03/06/2005,2.92
10/06/2005,2.95
17/06/2005,2.94
24/06/2005,2.98
01/07/2005,3.08
08/07/2005,3.11
15/07/2005,3.15
22/07/2005,3.25
29/07/2005,3.35
05/08/2005,3.41
12/08/2005,3.44
19/08/2005,3.45
26/08/2005,3.46
02/09/2005,3.43
09/09/2005,3.42
16/09/2005,3.4
23/09/2005,3.44
30/09/2005,3.44
07/10/2005,3.53
14/10/2005,3.66
21/10/2005,3.77
28/10/2005,3.82
04/11/2005,3.87
11/11/2005,3.88
18/11/2005,3.92
25/11/2005,3.87
02/12/2005,3.88
09/12/2005,3.91
16/12/2005,3.83
23/12/2005,3.89
30/12/2005,3.92
06/01/2006,4.1
13/01/2006,4.2
20/01/2006,4.26
27/01/2006,4.32
03/02/2006,4.37
10/02/2006,4.4
17/02/2006,4.44
24/02/2006,4.47
03/03/2006,4.5
10/03/2006,4.49
17/03/2006,4.5
24/03/2006,4.56
31/03/2006,4.51
07/04/2006,4.56
14/04/2006,4.58
21/04/2006,4.61
28/04/2006,4.66
05/05/2006,4.69
12/05/2006,4.74
19/05/2006,4.71
26/05/2006,4.71
02/06/2006,4.72
09/06/2006,4.74
16/06/2006,4.76
23/06/2006,4.81
30/06/2006,4.89
07/07/2006,4.9
14/07/2006,4.93
21/07/2006,4.97
28/07/2006,4.97
04/08/2006,4.97
11/08/2006,4.95
18/08/2006,4.97
25/08/2006,4.97
01/09/2006,4.93
08/09/2006,4.84
15/09/2006,4.81
22/09/2006,4.81
29/09/2006,4.76
06/10/2006,4.79
13/10/2006,4.9
20/10/2006,4.96
27/10/2006,4.99
03/11/2006,4.95
10/11/2006,4.96
17/11/2006,4.96
24/11/2006,4.93
01/12/2006,4.91
08/12/2006,4.86
15/12/2006,4.81
22/12/2006,4.84
29/12/2006,4.87
05/01/2007,4.92
12/01/2007,4.96
19/01/2007,4.99
26/01/2007,5
02/02/2007,5
09/02/2007,5.02
16/02/2007,5.03
23/02/2007,5.05
02/03/2007,5.01
09/03/2007,4.97
16/03/2007,4.93
23/03/2007,4.92
30/03/2007,4.92
06/04/2007,4.91
13/04/2007,4.89
20/04/2007,4.86
27/04/2007,4.83
04/05/2007,4.77
11/05/2007,4.75
18/05/2007,4.69
25/05/2007,4.77
01/06/2007,4.68
08/06/2007,4.67
15/06/2007,4.53
22/06/2007,4.56
29/06/2007,4.67
06/07/2007,4.81
13/07/2007,4.82
20/07/2007,4.83
27/07/2007,4.82
03/08/2007,4.77
10/08/2007,4.69
17/08/2007,4.11
24/08/2007,3.62
31/08/2007,4.06
07/09/2007,4.18
14/09/2007,3.93
21/09/2007,3.82
28/09/2007,3.69
05/10/2007,3.86
12/10/2007,4
19/10/2007,3.93
26/10/2007,3.85
02/11/2007,3.77
09/11/2007,3.43
16/11/2007,3.32
23/11/2007,3.17
30/11/2007,3.02
07/12/2007,3.01
14/12/2007,2.85
21/12/2007,2.92
28/12/2007,3.17
04/01/2008,3.19
11/01/2008,3.14
18/01/2008,3.01
25/01/2008,2.26
01/02/2008,2.13
08/02/2008,2.14
15/02/2008,2.23
22/02/2008,2.18
29/02/2008,1.97
07/03/2008,1.52
14/03/2008,1.34
21/03/2008,0.81
28/03/2008,1.27
04/04/2008,1.37
11/04/2008,1.31
18/04/2008,1.16
25/04/2008,1.28
02/05/2008,1.43
09/05/2008,1.61
16/05/2008,1.79
23/05/2008,1.82
30/05/2008,1.86
06/06/2008,1.82
13/06/2008,1.93
20/06/2008,1.92
27/06/2008,1.75
04/07/2008,1.83
11/07/2008,1.74
18/07/2008,1.41
25/07/2008,1.57
01/08/2008,1.67
08/08/2008,1.67
15/08/2008,1.83
22/08/2008,1.72
29/08/2008,1.69
05/09/2008,1.67
12/09/2008,1.6
19/09/2008,0.62
26/09/2008,0.84
03/10/2008,0.76
10/10/2008,0.57
17/10/2008,0.45
24/10/2008,1.04
31/10/2008,0.61
07/11/2008,0.39
14/11/2008,0.21
21/11/2008,0.07
28/11/2008,0.07
05/12/2008,0.04
12/12/2008,0.02
19/12/2008,0.03
26/12/2008,0.02
02/01/2009,0.09
09/01/2009,0.11
16/01/2009,0.12
23/01/2009,0.11
30/01/2009,0.19
06/02/2009,0.29
13/02/2009,0.3
20/02/2009,0.3
27/02/2009,0.29
06/03/2009,0.24
13/03/2009,0.22
20/03/2009,0.22
27/03/2009,0.18
03/04/2009,0.21
10/04/2009,0.19
17/04/2009,0.15
24/04/2009,0.13
01/05/2009,0.13
08/05/2009,0.19
15/05/2009,0.18
22/05/2009,0.18
29/05/2009,0.16
05/06/2009,0.15
12/06/2009,0.19
19/06/2009,0.17
26/06/2009,0.19
03/07/2009,0.18
10/07/2009,0.19
17/07/2009,0.18
24/07/2009,0.19
31/07/2009,0.19
07/08/2009,0.18
14/08/2009,0.18
21/08/2009,0.17
28/08/2009,0.16
04/09/2009,0.14
11/09/2009,0.14
18/09/2009,0.11
25/09/2009,0.11
02/10/2009,0.12
09/10/2009,0.08
16/10/2009,0.07
23/10/2009,0.07
30/10/2009,0.07
06/11/2009,0.05
13/11/2009,0.07
20/11/2009,0.04
27/11/2009,0.05
04/12/2009,0.06
11/12/2009,0.03
18/12/2009,0.04
25/12/2009,0.07
01/01/2010,0.08
08/01/2010,0.06
15/01/2010,0.05
22/01/2010,0.06
29/01/2010,0.07
05/02/2010,0.1
12/02/2010,0.11
19/02/2010,0.1
26/02/2010,0.12
05/03/2010,0.14
12/03/2010,0.16
19/03/2010,0.16
26/03/2010,0.14
02/04/2010,0.16
09/04/2010,0.17
16/04/2010,0.16
23/04/2010,0.16
30/04/2010,0.16
07/05/2010,0.14
14/05/2010,0.16
21/05/2010,0.17
28/05/2010,0.17
04/06/2010,0.15
11/06/2010,0.1
18/06/2010,0.09
25/06/2010,0.13
02/07/2010,0.17
09/07/2010,0.16
16/07/2010,0.15
23/07/2010,0.16
30/07/2010,0.15
06/08/2010,0.16
13/08/2010,0.15
20/08/2010,0.16
27/08/2010,0.16
03/09/2010,0.14
10/09/2010,0.14
17/09/2010,0.15
24/09/2010,0.16
01/10/2010,0.16
08/10/2010,0.13
15/10/2010,0.14
22/10/2010,0.14
29/10/2010,0.13
05/11/2010,0.13
12/11/2010,0.13
19/11/2010,0.14
26/11/2010,0.16
03/12/2010,0.16
10/12/2010,0.14
17/12/2010,0.14
24/12/2010,0.14
31/12/2010,0.14
07/01/2011,0.14
14/01/2011,0.15
21/01/2011,0.16
28/01/2011,0.16
04/02/2011,0.15
11/02/2011,0.14
18/02/2011,0.11
25/02/2011,0.13
04/03/2011,0.13
11/03/2011,0.1
18/03/2011,0.09
25/03/2011,0.09
01/04/2011,0.09
08/04/2011,0.05
15/04/2011,0.06
22/04/2011,0.06
29/04/2011,0.06
06/05/2011,0.03
13/05/2011,0.03
20/05/2011,0.05
27/05/2011,0.06
03/06/2011,0.05
10/06/2011,0.05
17/06/2011,0.05
24/06/2011,0.02
01/07/2011,0.02
08/07/2011,0.02
15/07/2011,0.02
22/07/2011,0.03
29/07/2011,0.07
05/08/2011,0.04
12/08/2011,0.03
19/08/2011,0.02
26/08/2011,0.01
02/09/2011,0.02
09/09/2011,0.02
16/09/2011,0.01
23/09/2011,0.01
30/09/2011,0.02
07/10/2011,0.01
14/10/2011,0.02
21/10/2011,0.03
28/10/2011,0.02
04/11/2011,0.01
11/11/2011,0.01
18/11/2011,0.01
25/11/2011,0.02
02/12/2011,0.02
09/12/2011,0.01
16/12/2011,0.01
23/12/2011,0.01
30/12/2011,0.02
06/01/2012,0.02
13/01/2012,0.02
20/01/2012,0.04
27/01/2012,0.05
03/02/2012,0.07
10/02/2012,0.09
17/02/2012,0.11
24/02/2012,0.09
02/03/2012,0.09
09/03/2012,0.08
16/03/2012,0.09
23/03/2012,0.09
30/03/2012,0.08
06/04/2012,0.08
13/04/2012,0.09
20/04/2012,0.08
27/04/2012,0.09
04/05/2012,0.09
11/05/2012,0.1
18/05/2012,0.09
25/05/2012,0.09
01/06/2012,0.08
08/06/2012,0.09
15/06/2012,0.1
22/06/2012,0.09
29/06/2012,0.09
06/07/2012,0.09
13/07/2012,0.1
20/07/2012,0.09
27/07/2012,0.1
03/08/2012,0.1
10/08/2012,0.11
17/08/2012,0.1
24/08/2012,0.11
31/08/2012,0.1
07/09/2012,0.11
14/09/2012,0.1
21/09/2012,0.11
28/09/2012,0.1
05/10/2012,0.1
12/10/2012,0.1
19/10/2012,0.1
26/10/2012,0.11
02/11/2012,0.11
09/11/2012,0.1
16/11/2012,0.09
23/11/2012,0.09
30/11/2012,0.09
07/12/2012,0.1
14/12/2012,0.07
21/12/2012,0.06
28/12/2012,0.06
04/01/2013,0.07
11/01/2013,0.07
18/01/2013,0.08
25/01/2013,0.08
01/02/2013,0.07
08/02/2013,0.07
15/02/2013,0.1
22/02/2013,0.13
01/03/2013,0.12
08/03/2013,0.1
15/03/2013,0.1
22/03/2013,0.07
29/03/2013,0.08
05/04/2013,0.07
12/04/2013,0.07
19/04/2013,0.06
26/04/2013,0.05
03/05/2013,0.05
10/05/2013,0.04
17/05/2013,0.04
24/05/2013,0.04
31/05/2013,0.05
07/06/2013,0.05
14/06/2013,0.05
21/06/2013,0.05
28/06/2013,0.06
05/07/2013,0.04
12/07/2013,0.04
19/07/2013,0.03
26/07/2013,0.03
02/08/2013,0.04
09/08/2013,0.05
16/08/2013,0.05
23/08/2013,0.04
30/08/2013,0.03
06/09/2013,0.02
13/09/2013,0.02
20/09/2013,0.01
27/09/2013,0.02
04/10/2013,0.02
11/10/2013,0.05
18/10/2013,0.08
25/10/2013,0.04
01/11/2013,0.04
08/11/2013,0.05
15/11/2013,0.08
22/11/2013,0.08
29/11/2013,0.07
06/12/2013,0.06
13/12/2013,0.07
20/12/2013,0.07
27/12/2013,0.07
03/01/2014,0.07
10/01/2014,0.05
17/01/2014,0.04
24/01/2014,0.04
31/01/2014,0.04
07/02/2014,0.07
14/02/2014,0.04
21/02/2014,0.05
28/02/2014,0.05
07/03/2014,0.05
14/03/2014,0.05
21/03/2014,0.06
28/03/2014,0.05
04/04/2014,0.03
11/04/2014,0.04
18/04/2014,0.04
25/04/2014,0.03
02/05/2014,0.03
09/05/2014,0.03
16/05/2014,0.03
23/05/2014,0.03
30/05/2014,0.04
06/06/2014,0.04
13/06/2014,0.04
20/06/2014,0.03
27/06/2014,0.03
04/07/2014,0.02
11/07/2014,0.03
18/07/2014,0.02
25/07/2014,0.03
01/08/2014,0.03
08/08/2014,0.03
15/08/2014,0.04
22/08/2014,0.03
29/08/2014,0.03
05/09/2014,0.03
12/09/2014,0.02
19/09/2014,0.02
26/09/2014,0.01
03/10/2014,0.02
10/10/2014,0.01
17/10/2014,0.02
24/10/2014,0.02
31/10/2014,0.02
07/11/2014,0.03
14/11/2014,0.02
21/11/2014,0.02
28/11/2014,0.02
05/12/2014,0.02
12/12/2014,0.03
19/12/2014,0.04
26/12/2014,0.03
02/01/2015,0.03
09/01/2015,0.03
16/01/2015,0.03
23/01/2015,0.03
30/01/2015,0.02
06/02/2015,0.02
13/02/2015,0.01
20/02/2015,0.02
27/02/2015,0.02
06/03/2015,0.02
13/03/2015,0.03
20/03/2015,0.03
27/03/2015,0.03
03/04/2015,0.03
10/04/2015,0.03
17/04/2015,0.02
24/04/2015,0.03
01/05/2015,0.01
08/05/2015,0.01
15/05/2015,0.02
22/05/2015,0.02
29/05/2015,0.01
05/06/2015,0.02
12/06/2015,0.02
19/06/2015,0.01
26/06/2015,0.01
03/07/2015,0.01
10/07/2015,0.02
17/07/2015,0.02
24/07/2015,0.04
31/07/2015,0.06
07/08/2015,0.07
14/08/2015,0.1
21/08/2015,0.05
28/08/2015,0.06
04/09/2015,0.04
11/09/2015,0.04
18/09/2015,0.04
25/09/2015,0
02/10/2015,0
09/10/2015,0
16/10/2015,0.01
23/10/2015,0.01
30/10/2015,0.05
06/11/2015,0.06
13/11/2015,0.14
20/11/2015,0.13
27/11/2015,0.17
04/12/2015,0.21
11/12/2015,0.26
18/12/2015,0.24
25/12/2015,0.21
01/01/2016,0.21
08/01/2016,0.21
15/01/2016,0.22
22/01/2016,0.28
29/01/2016,0.32
05/02/2016,0.32
12/02/2016,0.3
19/02/2016,0.3
26/02/2016,0.32
04/03/2016,0.31
11/03/2016,0.31
18/03/2016,0.31
25/03/2016,0.3
01/04/2016,0.23
08/04/2016,0.23
15/04/2016,0.22
22/04/2016,0.22
29/04/2016,0.23
06/05/2016,0.2
13/05/2016,0.26
20/05/2016,0.3
27/05/2016,0.33
03/06/2016,0.3
10/06/2016,0.26
17/06/2016,0.27
24/06/2016,0.28
01/07/2016,0.26
08/07/2016,0.28
15/07/2016,0.31
22/07/2016,0.32
29/07/2016,0.29
05/08/2016,0.28
12/08/2016,0.29
19/08/2016,0.29
26/08/2016,0.31
02/09/2016,0.33
09/09/2016,0.34
16/09/2016,0.33
23/09/2016,0.24
30/09/2016,0.26
07/10/2016,0.32
14/10/2016,0.33
21/10/2016,0.34
28/10/2016,0.32
04/11/2016,0.36
11/11/2016,0.44
18/11/2016,0.47
25/11/2016,0.48
02/12/2016,0.48
09/12/2016,0.5
16/12/2016,0.52
23/12/2016,0.51
30/12/2016,0.5
06/01/2017,0.52
13/01/2017,0.51
20/01/2017,0.52
27/01/2017,0.5
03/02/2017,0.51
10/02/2017,0.53
17/02/2017,0.53
24/02/2017,0.52
03/03/2017,0.6
10/03/2017,0.73
17/03/2017,0.74
24/03/2017,0.76
31/03/2017,0.77
07/04/2017,0.79
14/04/2017,0.81
21/04/2017,0.8
28/04/2017,0.8
05/05/2017,0.84
12/05/2017,0.88
19/05/2017,0.9
26/05/2017,0.92
02/06/2017,0.95
09/06/2017,0.97
16/06/2017,0.99
23/06/2017,0.97
30/06/2017,1
07/07/2017,1.03
14/07/2017,1.03
21/07/2017,1.09
28/07/2017,1.11
04/08/2017,1.06
11/08/2017,1.03
18/08/2017,1
25/08/2017,0.99
01/09/2017,1
08/09/2017,1.03
15/09/2017,1.03
22/09/2017,1.02
29/09/2017,1.04
06/10/2017,1.04
13/10/2017,1.07
20/10/2017,1.08
27/10/2017,1.09
03/11/2017,1.14
10/11/2017,1.2
17/11/2017,1.24
24/11/2017,1.27
01/12/2017,1.26
08/12/2017,1.27
15/12/2017,1.3
22/12/2017,1.34
29/12/2017,1.4
05/01/2018,1.39
12/01/2018,1.41
19/01/2018,1.43
26/01/2018,1.41
02/02/2018,1.44
09/02/2018,1.52
16/02/2018,1.58
23/02/2018,1.62
02/03/2018,1.63
09/03/2018,1.65
16/03/2018,1.72
23/03/2018,1.73
30/03/2018,1.73
06/04/2018,1.71
13/04/2018,1.72
20/04/2018,1.78
27/04/2018,1.81
04/05/2018,1.81
11/05/2018,1.85
18/05/2018,1.88
25/05/2018,1.88
01/06/2018,1.89
08/06/2018,1.9
15/06/2018,1.9
22/06/2018,1.9
29/06/2018,1.89
06/07/2018,1.94
13/07/2018,1.94
20/07/2018,1.97
27/07/2018,1.96
03/08/2018,1.99
10/08/2018,2.02
17/08/2018,2.03
24/08/2018,2.04
31/08/2018,2.08
07/09/2018,2.1
14/09/2018,2.11
21/09/2018,2.13
28/09/2018,2.16
05/10/2018,2.19
12/10/2018,2.22
19/10/2018,2.27
26/10/2018,2.29
02/11/2018,2.29
09/11/2018,2.31
16/11/2018,2.33
23/11/2018,2.35
30/11/2018,2.34
07/12/2018,2.36
14/12/2018,2.38
21/12/2018,2.35
28/12/2018,2.38
04/01/2019,2.38
11/01/2019,2.4
18/01/2019,2.38
25/01/2019,2.35
01/02/2019,2.36
08/02/2019,2.37
15/02/2019,2.39
22/02/2019,2.41
01/03/2019,2.4
08/03/2019,2.41
15/03/2019,2.4
22/03/2019,2.41
29/03/2019,2.39
05/04/2019,2.38
12/04/2019,2.38
19/04/2019,2.38
26/04/2019,2.39
03/05/2019,2.39
10/05/2019,2.38
17/05/2019,2.36
24/05/2019,2.33
31/05/2019,2.32
07/06/2019,2.28
14/06/2019,2.19
21/06/2019,2.13
28/06/2019,2.08
05/07/2019,2.16
12/07/2019,2.16
19/07/2019,2.07
26/07/2019,2.05
02/08/2019,2.04
09/08/2019,1.99
16/08/2019,1.91
23/08/2019,1.92
30/08/2019,1.95
06/09/2019,1.93
13/09/2019,1.92
20/09/2019,1.91
27/09/2019,1.84
04/10/2019,1.74
11/10/2019,1.67
18/10/2019,1.63
25/10/2019,1.63
01/11/2019,1.56
08/11/2019,1.52
15/11/2019,1.55
22/11/2019,1.54
29/11/2019,1.58
06/12/2019,1.53
13/12/2019,1.53
20/12/2019,1.54
27/12/2019,1.55
03/01/2020,1.52
10/01/2020,1.51
17/01/2020,1.53
24/01/2020,1.52
31/01/2020,1.53
07/02/2020,1.54
14/02/2020,1.55
21/02/2020,1.55
28/02/2020,1.43
06/03/2020,0.76
13/03/2020,0.35
20/03/2020,0.11
27/03/2020,-0.01
03/04/2020,0.1
10/04/2020,0.19
17/04/2020,0.17
24/04/2020,0.12
01/05/2020,0.11
08/05/2020,0.12
15/05/2020,0.12
22/05/2020,0.12
29/05/2020,0.15
05/06/2020,0.15
